{
    "countriesAndRegions": [
        { "countryOrRegion": "AF", "displayName": "Afghanistan" },
        { "countryOrRegion": "AX", "displayName": "Aland Islands" },
        { "countryOrRegion": "AL", "displayName": "Albania" },
        { "countryOrRegion": "DZ", "displayName": "Algeria" },
        { "countryOrRegion": "AD", "displayName": "Andorra" },
        { "countryOrRegion": "AS", "displayName": "American Samoa" },
        { "countryOrRegion": "AO", "displayName": "Angola" },
        { "countryOrRegion": "AI", "displayName": "Anguilla" },
        { "countryOrRegion": "AQ", "displayName": "Antarctica" },
        { "countryOrRegion": "AG", "displayName": "Antigua and Barbuda" },
        { "countryOrRegion": "AR", "displayName": "Argentina" },
        { "countryOrRegion": "AM", "displayName": "Armenia" },
        { "countryOrRegion": "AW", "displayName": "Aruba" },
        { "countryOrRegion": "AU", "displayName": "Australia" },
        { "countryOrRegion": "AT", "displayName": "Austria" },
        { "countryOrRegion": "AZ", "displayName": "Azerbaijan" },
        { "countryOrRegion": "BS", "displayName": "Bahamas, The" },
        { "countryOrRegion": "BH", "displayName": "Bahrain" },
        { "countryOrRegion": "BD", "displayName": "Bangladesh" },
        { "countryOrRegion": "BB", "displayName": "Barbados" },
        { "countryOrRegion": "BY", "displayName": "Belarus" },
        { "countryOrRegion": "BE", "displayName": "Belgium" },
        { "countryOrRegion": "BZ", "displayName": "Belize" },
        { "countryOrRegion": "BJ", "displayName": "Benin" },
        { "countryOrRegion": "BM", "displayName": "Bermuda" },
        { "countryOrRegion": "BT", "displayName": "Bhutan" },
        { "countryOrRegion": "BO", "displayName": "Bolivia" },
        { "countryOrRegion": "BQ", "displayName": "Bonaire, Sint Eustatius and Saba" },
        { "countryOrRegion": "BA", "displayName": "Bosnia and Herzegovina" },
        { "countryOrRegion": "BW", "displayName": "Botswana" },
        { "countryOrRegion": "BV", "displayName": "Bouvet Island" },
        { "countryOrRegion": "BR", "displayName": "Brazil" },
        { "countryOrRegion": "IO", "displayName": "British Indian Ocean Territory" },
        { "countryOrRegion": "BN", "displayName": "Brunei" },
        { "countryOrRegion": "BG", "displayName": "Bulgaria" },
        { "countryOrRegion": "BF", "displayName": "Burkina Faso" },
        { "countryOrRegion": "BI", "displayName": "Burundi" },
        { "countryOrRegion": "CV", "displayName": "Cabo Verde" },
        { "countryOrRegion": "KH", "displayName": "Cambodia" },
        { "countryOrRegion": "CM", "displayName": "Cameroon" },
        { "countryOrRegion": "CA", "displayName": "Canada" },
        { "countryOrRegion": "KY", "displayName": "Cayman Islands" },
        { "countryOrRegion": "CF", "displayName": "Central African Republic" },
        { "countryOrRegion": "TD", "displayName": "Chad" },
        { "countryOrRegion": "CL", "displayName": "Chile" },
        { "countryOrRegion": "CN", "displayName": "China" },
        { "countryOrRegion": "CX", "displayName": "Christmas Island" },
        { "countryOrRegion": "CC", "displayName": "Cocos (Keeling) Islands" },
        { "countryOrRegion": "CO", "displayName": "Colombia" },
        { "countryOrRegion": "KM", "displayName": "Comoros" },
        { "countryOrRegion": "CK", "displayName": "Cook Islands" },
        { "countryOrRegion": "CR", "displayName": "Costa Rica" },
        { "countryOrRegion": "CI", "displayName": "Côte d'Ivoire" },
        { "countryOrRegion": "HR", "displayName": "Croatia" },
        { "countryOrRegion": "CU", "displayName": "Cuba" },
        { "countryOrRegion": "CW", "displayName": "Curaçao" },
        { "countryOrRegion": "CY", "displayName": "Cyprus" },
        { "countryOrRegion": "CZ", "displayName": "Czech Republic" },
        { "countryOrRegion": "CD", "displayName": "Democratic Republic of the Congo" },
        { "countryOrRegion": "DK", "displayName": "Denmark" },
        { "countryOrRegion": "DJ", "displayName": "Djibouti" },
        { "countryOrRegion": "DM", "displayName": "Dominica" },
        { "countryOrRegion": "DO", "displayName": "Dominican Republic" },
        { "countryOrRegion": "EC", "displayName": "Ecuador" },
        { "countryOrRegion": "EG", "displayName": "Egypt" },
        { "countryOrRegion": "SV", "displayName": "El Salvador" },
        { "countryOrRegion": "GQ", "displayName": "Equatorial Guinea" },
        { "countryOrRegion": "ER", "displayName": "Eritrea" },
        { "countryOrRegion": "EE", "displayName": "Estonia" },
        { "countryOrRegion": "SZ", "displayName": "Eswatini" },
        { "countryOrRegion": "ET", "displayName": "Ethiopia" },
        { "countryOrRegion": "FK", "displayName": "Falkland Islands (Islas Malvinas)" },
        { "countryOrRegion": "FO", "displayName": "Faroe Islands" },
        { "countryOrRegion": "FJ", "displayName": "Fiji" },
        { "countryOrRegion": "FI", "displayName": "Finland" },
        { "countryOrRegion": "FR", "displayName": "France" },
        { "countryOrRegion": "GF", "displayName": "French Guiana" },
        { "countryOrRegion": "PF", "displayName": "French Polynesia" },
        { "countryOrRegion": "TF", "displayName": "French Southern and Antarctic Lands" },
        { "countryOrRegion": "GA", "displayName": "Gabon" },
        { "countryOrRegion": "GM", "displayName": "Gambia" },
        { "countryOrRegion": "GE", "displayName": "Georgia" },
        { "countryOrRegion": "DE", "displayName": "Germany" },
        { "countryOrRegion": "GH", "displayName": "Ghana" },
        { "countryOrRegion": "GI", "displayName": "Gibraltar" },
        { "countryOrRegion": "GR", "displayName": "Greece" },
        { "countryOrRegion": "GL", "displayName": "Greenland" },
        { "countryOrRegion": "GD", "displayName": "Grenada" },
        { "countryOrRegion": "GT", "displayName": "Guatemala" },
        { "countryOrRegion": "GG", "displayName": "Guernsey" },
        { "countryOrRegion": "GN", "displayName": "Guinea" },
        { "countryOrRegion": "GW", "displayName": "Guinea-Bissau" },
        { "countryOrRegion": "GY", "displayName": "Guyana" },
        { "countryOrRegion": "HT", "displayName": "Haiti" },
        { "countryOrRegion": "HM", "displayName": "Heard Island and McDonald Islands" },
        { "countryOrRegion": "VA", "displayName": "Holy See (Vatican City State)" },
        { "countryOrRegion": "HN", "displayName": "Honduras" },
        { "countryOrRegion": "HK", "displayName": "Hong Kong SAR" },
        { "countryOrRegion": "HU", "displayName": "Hungary" },
        { "countryOrRegion": "IS", "displayName": "Iceland" },
        { "countryOrRegion": "IN", "displayName": "India" },
        { "countryOrRegion": "ID", "displayName": "Indonesia" },
        { "countryOrRegion": "IR", "displayName": "Iran" },
        { "countryOrRegion": "IQ", "displayName": "Iraq" },
        { "countryOrRegion": "IE", "displayName": "Ireland" },
        { "countryOrRegion": "IM", "displayName": "Isle of Man"}
        { "countryOrRegion": "IL", "displayName": "Israel" },
        { "countryOrRegion": "IT", "displayName": "Italy" },
        { "countryOrRegion": "JM", "displayName": "Jamaica" },
        { "countryOrRegion": "JP", "displayName": "Japan" },
        { "countryOrRegion": "JE", "displayName": "Jersey" },
        { "countryOrRegion": "JO", "displayName": "Jordan" },
        { "countryOrRegion": "KZ", "displayName": "Kazakhstan" },
        { "countryOrRegion": "KE", "displayName": "Kenya" },
        { "countryOrRegion": "KI", "displayName": "Kiribati" },
        { "countryOrRegion": "KR", "displayName": "Korea, Republic of" },
        { "countryOrRegion": "XK", "displayName": "Kosovo" },
        { "countryOrRegion": "KW", "displayName": "Kuwait" },
        { "countryOrRegion": "KG", "displayName": "Kyrgyzstan" },
        { "countryOrRegion": "LA", "displayName": "Laos" },
        { "countryOrRegion": "LV", "displayName": "Latvia" },
        { "countryOrRegion": "LB", "displayName": "Lebanon" },
        { "countryOrRegion": "LS", "displayName": "Lesotho" },
        { "countryOrRegion": "LR", "displayName": "Liberia" },
        { "countryOrRegion": "LY", "displayName": "Libya" },
        { "countryOrRegion": "LI", "displayName": "Liechtenstein" },
        { "countryOrRegion": "LT", "displayName": "Lithuania" },
        { "countryOrRegion": "LU", "displayName": "Luxembourg" },
        { "countryOrRegion": "MO", "displayName": "Macau SAR" },
        { "countryOrRegion": "MG", "displayName": "Madagascar" },
        { "countryOrRegion": "MW", "displayName": "Malawi" },
        { "countryOrRegion": "MY", "displayName": "Malaysia" },
        { "countryOrRegion": "MV", "displayName": "Maldives" },
        { "countryOrRegion": "ML", "displayName": "Mali" },
        { "countryOrRegion": "MT", "displayName": "Malta" },
        { "countryOrRegion": "MH", "displayName": "Marshall Islands" },
        { "countryOrRegion": "MQ", "displayName": "Martinique" },
        { "countryOrRegion": "MR", "displayName": "Mauritania" },
        { "countryOrRegion": "MU", "displayName": "Mauritius" },
        { "countryOrRegion": "YT", "displayName": "Mayotte" },
        { "countryOrRegion": "MX", "displayName": "Mexico" },
        { "countryOrRegion": "FM", "displayName": "Micronesia" },
        { "countryOrRegion": "MD", "displayName": "Moldova" },
        { "countryOrRegion": "MC", "displayName": "Monaco" },
        { "countryOrRegion": "MN", "displayName": "Mongolia" },
        { "countryOrRegion": "ME", "displayName": "Montenegro" },
        { "countryOrRegion": "MS", "displayName": "Montserrat" },
        { "countryOrRegion": "MA", "displayName": "Morocco" },
        { "countryOrRegion": "MZ", "displayName": "Mozambique" },
        { "countryOrRegion": "MM", "displayName": "Myanmar" },
        { "countryOrRegion": "NA", "displayName": "Namibia" },
        { "countryOrRegion": "NR", "displayName": "Nauru" },
        { "countryOrRegion": "NP", "displayName": "Nepal" },
        { "countryOrRegion": "NL", "displayName": "Netherlands" },
        { "countryOrRegion": "NC", "displayName": "New Caledonia" },
        { "countryOrRegion": "NZ", "displayName": "New Zealand" },
        { "countryOrRegion": "NI", "displayName": "Nicaragua" },
        { "countryOrRegion": "NE", "displayName": "Niger" },
        { "countryOrRegion": "NG", "displayName": "Nigeria" },
        { "countryOrRegion": "NU", "displayName": "Niue" },
        { "countryOrRegion": "NF", "displayName": "Norfolk Island" },
        { "countryOrRegion": "KP", "displayName": "North Korea" },
        { "countryOrRegion": "MK", "displayName": "North Macedonia" },
        { "countryOrRegion": "MP", "displayName": "Northern Mariana Islands" },
        { "countryOrRegion": "NO", "displayName": "Norway" },
        { "countryOrRegion": "OM", "displayName": "Oman" },
        { "countryOrRegion": "PK", "displayName": "Pakistan" },
        { "countryOrRegion": "PW", "displayName": "Palau" },
        { "countryOrRegion": "PS", "displayName": "Palestinian Authority" },
        { "countryOrRegion": "PA", "displayName": "Panama" },
        { "countryOrRegion": "PG", "displayName": "Papua New Guinea" },
        { "countryOrRegion": "PY", "displayName": "Paraguay" },
        { "countryOrRegion": "PE", "displayName": "Peru" },
        { "countryOrRegion": "PH", "displayName": "Philippines" },
        { "countryOrRegion": "PN", "displayName": "Pitcairn Islands" },
        { "countryOrRegion": "PL", "displayName": "Poland" },
        { "countryOrRegion": "PT", "displayName": "Portugal" },
        { "countryOrRegion": "PR", "displayName": "Puerto Rico" },
        { "countryOrRegion": "QA", "displayName": "Qatar" },
        { "countryOrRegion": "CG", "displayName": "Republic of Congo" },
        { "countryOrRegion": "RE", "displayName": "Réunion" },
        { "countryOrRegion": "RO", "displayName": "Romania" },
        { "countryOrRegion": "RU", "displayName": "Russia" },
        { "countryOrRegion": "RW", "displayName": "Rwanda" },
        { "countryOrRegion": "BL", "displayName": "Saint Barthélemy" },
        { "countryOrRegion": "SH", "displayName": "Saint Helena" },
        { "countryOrRegion": "KN", "displayName": "Saint Kitts and Nevis" },
        { "countryOrRegion": "LC", "displayName": "Saint Lucia" },
        { "countryOrRegion": "MF", "displayName": "Saint Martin" },
        { "countryOrRegion": "PM", "displayName": "Saint Pierre and Miquelon" },
        { "countryOrRegion": "VC", "displayName": "Saint Vincent and the Grenadines" },
        { "countryOrRegion": "WS", "displayName": "Samoa" },
        { "countryOrRegion": "SM", "displayName": "San Marino" },
        { "countryOrRegion": "ST", "displayName": "Sao Tome and Principe" },
        { "countryOrRegion": "SA", "displayName": "Saudi Arabia" },
        { "countryOrRegion": "SN", "displayName": "Senegal" },
        { "countryOrRegion": "RS", "displayName": "Serbia" },
        { "countryOrRegion": "SC", "displayName": "Seychelles" },
        { "countryOrRegion": "SL", "displayName": "Sierra Leone" },
        { "countryOrRegion": "SG", "displayName": "Singapore" },
        { "countryOrRegion": "SX", "displayName": "Sint Maarten" },
        { "countryOrRegion": "SK", "displayName": "Slovakia" },
        { "countryOrRegion": "SI", "displayName": "Slovenia" },
        { "countryOrRegion": "SB", "displayName": "Solomon Islands" },
        { "countryOrRegion": "SO", "displayName": "Somalia" },
        { "countryOrRegion": "ZA", "displayName": "South Africa" },
        { "countryOrRegion": "GS", "displayName": "South Georgia and the South Sandwich Islands" },
        { "countryOrRegion": "SS", "displayName": "South Sudan" },
        { "countryOrRegion": "ES", "displayName": "Spain" },
        { "countryOrRegion": "LK", "displayName": "Sri Lanka" },
        { "countryOrRegion": "SD", "displayName": "Sudan" },
        { "countryOrRegion": "SR", "displayName": "Suriname" },
        { "countryOrRegion": "SJ", "displayName": "Svalbard and Jan Mayen Island" },
        { "countryOrRegion": "SE", "displayName": "Sweden" },
        { "countryOrRegion": "CH", "displayName": "Switzerland" },
        { "countryOrRegion": "SY", "displayName": "Syria" },
        { "countryOrRegion": "TW", "displayName": "Taiwan" },
        { "countryOrRegion": "TJ", "displayName": "Tajikistan" },
        { "countryOrRegion": "TZ", "displayName": "Tanzania" },
        { "countryOrRegion": "TH", "displayName": "Thailand" },
        { "countryOrRegion": "TL", "displayName": "Timor-Leste" },
        { "countryOrRegion": "TG", "displayName": "Togo" },
        { "countryOrRegion": "TK", "displayName": "Tokelau" },
        { "countryOrRegion": "TO", "displayName": "Tonga" },
        { "countryOrRegion": "TT", "displayName": "Trinidad and Tobago" },
        { "countryOrRegion": "TN", "displayName": "Tunisia" },
        { "countryOrRegion": "TR", "displayName": "Türkiye" },
        { "countryOrRegion": "TM", "displayName": "Turkmenistan" },
        { "countryOrRegion": "TC", "displayName": "Turks and Caicos Islands" },
        { "countryOrRegion": "TV", "displayName": "Tuvalu" },
        { "countryOrRegion": "UG", "displayName": "Uganda" },
        { "countryOrRegion": "UA", "displayName": "Ukraine" },
        { "countryOrRegion": "AE", "displayName": "United Arab Emirates" },
        { "countryOrRegion": "GB", "displayName": "United Kingdom" },
        { "countryOrRegion": "US", "displayName": "United States" },
        { "countryOrRegion": "UY", "displayName": "Uruguay" },
        { "countryOrRegion": "UZ", "displayName": "Uzbekistan" },
        { "countryOrRegion": "VU", "displayName": "Vanuatu" },
        { "countryOrRegion": "VE", "displayName": "Venezuela" },
        { "countryOrRegion": "VN", "displayName": "Vietnam" },
        { "countryOrRegion": "VG", "displayName": "Virgin Islands, British" },
        { "countryOrRegion": "VI", "displayName": "Virgin Islands, U.S." },
        { "countryOrRegion": "WF", "displayName": "Wallis and Futuna" },
        { "countryOrRegion": "EH", "displayName": "Western Sahara" },
        { "countryOrRegion": "YE", "displayName": "Yemen" },
        { "countryOrRegion": "ZM", "displayName": "Zambia" },
        { "countryOrRegion": "ZW", "displayName": "Zimbabwe" }
    ]
}